Name,Email,Phone
Alfred2,alfred2@gmail.com,5855555555
Juan Perez,juan.perez@example.com,3011234567
Maria Gomez,maria.gomez@example.com,3109876543
Carlos Ruiz,carlos.ruiz@example.com,3001112233
Ana Torres,ana.torres@example.com,3124567890
Luis Mendoza,luis.mendoza@example.com,3048765432
Diana Lopez,diana.lopez@example.com,3201234567
Pedro Jimenez,pedro.jimenez@example.com,3139876543
Laura Castillo,laura.castillo@example.com,3151112233
Sergio Rojas,sergio.rojas@example.com,3164567890
Camila Rivera,camila.rivera@example.com,3178765432
Andres Vargas,andres.vargas@example.com,3181234567
Valentina Silva,valentina.silva@example.com,3199876543
Felipe Acosta,felipe.acosta@example.com,3221112233
Sara Martinez,sara.martinez@example.com,3234567890
Jorge Herrera,jorge.herrera@example.com,3248765432
Monica Castro,monica.castro@example.com,3251234567
Julian Peña,julian.pena@example.com,3269876543
Daniela León,daniela.leon@example.com,3271112233
Esteban Romero,esteban.romero@example.com,3284567890
Lucia Duarte,lucia.duarte@example.com,3298765432
